{
  "model": "epicfight:entity/biped",
  "armature": "epicfight:entity/biped",
  "renderer": "player",
  "isHumanoid": true,
  "faction": "neutral",
  "attributes": {
    "impact": 0.5,
    "armor_negation": 0.0,
    "max_strikes": 1,
    "chasing_speed": 1.0,
    "scale": 1.0
  },
  "default_livingmotions": {
    "idle": "epicfight:biped/living/idle",
    "walk": "epicfight:biped/living/walk",
    "chase": "epicfight:biped/living/walk",
    "mount": "epicfight:biped/living/mount",
    "fall": "epicfight:biped/living/fall",
    "death": "epicfight:biped/living/death"
  },
  "stun_animations": {
    "short": "epicfight:biped/combat/hit_short",
    "long": "epicfight:biped/combat/hit_long",
    "knockdown": "epicfight:biped/combat/knockdown",
    "fall": "epicfight:biped/living/landing"
  },
  "combat_behavior": [
    {
      "weapon_categories": ["spear"],
      "style": "two_hand",
      "behavior_series": [
        {
          "weight": 100.0,
          "canBeInterrupted": true,
          "looping": true,
          "behaviors": [
            {
              "conditions": [
                {"predicate": "within_eye_height"},
                {"predicate": "within_distance", "min": 0.0, "max": 3.5}
              ],
              "animation": "epicfight:biped/combat/spear_onehand_auto"
            },
            {
              "conditions": [
                {"predicate": "within_eye_height"},
                {"predicate": "within_distance", "min": 0.0, "max": 3.5}
              ],
              "animation": "epicfight:biped/combat/spear_twohand_auto1"
            }
          ]
        },
        {
          "weight": 30.0,
          "canBeInterrupted": true,
          "looping": false,
          "cooldown": 80,
          "behaviors": [
            {
              "conditions": [
                {"predicate": "within_eye_height"},
                {"predicate": "within_distance", "min": 3.0, "max": 6.0}
              ],
              "animation": "epicfight:biped/combat/spear_dash"
            }
          ]
        }
      ]
    }
  ]
}
